,Model,horse,leaves,butterfly,peppers
0,CAE,0.568486096807415,0.40874008044352644,0.36712969828793646,0.6374165513132765
