,Model,horse,leaves,butterfly,peppers
0,CAE,0.568486096807415,0.4087400804435264,0.3671296982879365,0.6374165513132765
1,HiFiC,0.2121524201853759,0.08577019241221871,0.06880660877398234,0.12656165127648017
